<ContactInfo>
<ID>001</ID>
<CompanyName>UAB</CompanyName>
<FirstName>Robert</FirstName>
<LastName>Beatty</LastName>
<Email>RJB89@uab.edu</Email>
<Position>Engineer</Position>
<Address>RJB89@uab.edu</Address>
<City>Birmingham</City>
<State>AL</State>
<Zipcode>35205</Zipcode>
<ContactStatus>New</ContactStatus>
</ContactInfo>
<ContactInfo>
<ID>002</ID>
<CompanyName>UAB</CompanyName>
<FirstName>Ian</FirstName>
<LastName>Fifer</LastName>
<Email>ijfifer@uab.edu</Email>
<Position>Engineer</Position>
<Address>ijfifer@uab.edu</Address>
<City></City>
<State></State>
<Zipcode></Zipcode>
<ContactStatus>Unknown</ContactStatus>
</ContactInfo>
<ContactInfo>
<ID>003</ID>
<CompanyName>Snapple</CompanyName>
<FirstName>Steve</FirstName>
<LastName>Jobless</LastName>
<Email>SJ@SNAP.EDU</Email>
<Position>Unknown</Position>
<Address>SJ@SNAP.EDU</Address>
<City></City>
<State></State>
<Zipcode></Zipcode>
<ContactStatus>Unknown</ContactStatus>
</ContactInfo>
<ContactInfo>
<ID>004</ID>
<CompanyName>CrankShift</CompanyName>
<FirstName>Cranky</FirstName>
<LastName>Dude</LastName>
<Email>CD@CD.CD</Email>
<Position>Unknown</Position>
<Address>CD@CD.CD</Address>
<City></City>
<State></State>
<Zipcode></Zipcode>
<ContactStatus>Unknown</ContactStatus>
</ContactInfo>
<ContactInfo>
<ID>005</ID>
<CompanyName>Netflix</CompanyName>
<FirstName>Guy</FirstName>
<LastName>Richie</LastName>
<Email>GR@nf.com</Email>
<Position>Customer</Position>
<Address>GR@nf.com</Address>
<City>Steveland</City>
<State>Noklahoma</State>
<Zipcode>123456</Zipcode>
<ContactStatus>Current</ContactStatus>
</ContactInfo>
